Country,State
United States,Alabama
United States,Alaska
United States,Arizona
United States,Arkansas
United States,California
United States,Colorado
United States,Connecticut
United States,Delaware
United States,Florida
United States,Georgia
United States,Hawaii
United States,Idaho
United States,Illinois
United States,Indiana
United States,Iowa
United States,Kansas
United States,Kentucky
United States,Louisiana
United States,Maine
United States,Maryland
United States,Massachusetts
United States,Michigan
United States,Minnesota
United States,Mississippi
United States,Missouri
United States,Montana
United States,Nebraska
United States,Nevada
United States,New Hampshire
United States,New Jersey
United States,New Mexico
United States,New York
United States,North Carolina
United States,North Dakota
United States,Ohio
United States,Oklahoma
United States,Oregon
United States,Pennsylvania
United States,Rhode Island
United States,South Carolina
United States,South Dakota
United States,Tennessee
United States,Texas
United States,Utah
United States,Vermont
United States,Virginia
United States,Washington
United States,West Virginia
United States,Wisconsin
United States,Wyoming
United States,"Washington, D.C."
United States,American Samoa
United States,Guam
United States,Northern Mariana Islands
United States,Puerto Rico
United States,U.S. Virgin Islands
United Kingdom,England
United Kingdom,Scotland
United Kingdom,Wales
United Kingdom,Northern Ireland
Mexico,Aguascalientes
Mexico,Baja California
Mexico,Baja California Sur
Mexico,Campeche
Mexico,Chiapas
Mexico,Chihuahua
Mexico,Coahuila
Mexico,Colima
Mexico,Mexico City
Mexico,Durango
Mexico,Guanajuato
Mexico,Guerrero
Mexico,Hidalgo
Mexico,Jalisco
Mexico,México
Mexico,Michoacán
Mexico,Morelos
Mexico,Nayarit
Mexico,Nuevo León
Mexico,Oaxaca
Mexico,Puebla
Mexico,Querétaro
Mexico,Quintana Roo
Mexico,San Luis Potosí
Mexico,Sinaloa
Mexico,Sonora
Mexico,Tabasco
Mexico,Tamaulipas
Mexico,Tlaxcala
Mexico,Veracruz
Mexico,Yucatán
Mexico,Zacatecas
Colombia,Capital District
Colombia,Amazonas
Colombia,Antioquia
Colombia,Arauca
Colombia,Atlántico
Colombia,Bolívar
Colombia,Boyacá
Colombia,Caldas
Colombia,Caquetá
Colombia,Casanare
Colombia,Cauca
Colombia,Cesar
Colombia,Chocó
Colombia,Córdoba
Colombia,Cundinamarca
Colombia,Guainía
Colombia,Guaviare
Colombia,Huila
Colombia,La Guajira
Colombia,Magdalena
Colombia,Meta
Colombia,Nariño
Colombia,Norte de Santander
Colombia,Putumayo
Colombia,Quindío
Colombia,Risaralda
Colombia,San Andrés y Providencia  
Colombia,Santander
Colombia,Sucre
Colombia,Tolima
Colombia,Valle del Cauca
Colombia,Vaupés
Colombia,Vichada
Chile,Arica and Parinacota
Chile,Tarapacá
Chile,Antofagasta
Chile,Atacama
Chile,Coquimbo
Chile,Valparaíso
Chile,Metropolitan
Chile,O'Higgins
Chile,Maule
Chile,Ñuble
Chile,Biobío
Chile,Araucanía
Chile,Los Ríos
Chile,Los Lagos
Chile,Aysén
Chile,Magallanes
Spain,Andalusia
Spain,Aragon
Spain,Asturias
Spain,Balearic Islands
Spain,Basque Country
Spain,Canary Islands
Spain,Cantabria
Spain,Castile and León
Spain,Castile-La Mancha
Spain,Catalonia
Spain,Extremadura
Spain,Galicia
Spain,La Rioja
Spain,Madrid
Spain,Murcia
Spain,Navarre
Spain,Valencian Community
